"party_label","party_votes","prefs","pref_ratio","cand_label","cand_num","protocol"
"ГЕРБ-СДС ","101","84","0.832","Александър Иванов Мацурев ","105","https://results.cik.bg/ns2023/protokoli/64/01/010100001.1.html"
"ГЕРБ-СДС ","114","89","0.781","Александър Иванов Мацурев ","105","https://results.cik.bg/ns2023/protokoli/64/01/010100004.1.html"
"БСП ЗА БЪЛГАРИЯ ","39","28","0.718","Костадин Михайлов Юнчов ","117","https://results.cik.bg/ns2023/protokoli/64/01/010100006.1.html"
"БСП ЗА БЪЛГАРИЯ ","50","37","0.74","Костадин Михайлов Юнчов ","117","https://results.cik.bg/ns2023/protokoli/64/01/010100007.1.html"
"ГЕРБ-СДС ","105","75","0.714","Александър Иванов Мацурев ","105","https://results.cik.bg/ns2023/protokoli/64/01/010100007.1.html"
"КОАЛИЦИЯ ПРОДЪЛЖАВАМЕ ПРОМЯНАТА – ДЕМОКРАТИЧНА БЪЛГАРИЯ ","192","158","0.823","Иван Николов Сакарев ","115","https://results.cik.bg/ns2023/protokoli/64/01/010100014.1.html"
"КОАЛИЦИЯ ПРОДЪЛЖАВАМЕ ПРОМЯНАТА – ДЕМОКРАТИЧНА БЪЛГАРИЯ ","107","86","0.804","Иван Николов Сакарев ","115","https://results.cik.bg/ns2023/protokoli/64/01/010100015.1.html"
"КОАЛИЦИЯ ПРОДЪЛЖАВАМЕ ПРОМЯНАТА – ДЕМОКРАТИЧНА БЪЛГАРИЯ ","87","66","0.759","Иван Николов Сакарев ","115","https://results.cik.bg/ns2023/protokoli/64/01/010100016.1.html"
"ГЕРБ-СДС ","62","54","0.871","Александър Иванов Мацурев ","105","https://results.cik.bg/ns2023/protokoli/64/01/010100022.1.html"
"ГЕРБ-СДС ","95","72","0.758","Александър Иванов Мацурев ","105","https://results.cik.bg/ns2023/protokoli/64/01/010100023.1.html"
"Движение за права и свободи – ДПС ","75","61","0.813","Луиза Ицкова Александрова ","109","https://results.cik.bg/ns2023/protokoli/64/01/010300009.1.html"
"ПП БЪЛГАРСКИ ВЪЗХОД ","31","28","0.903","Марио Рашков Асьов ","110","https://results.cik.bg/ns2023/protokoli/64/01/010300120.1.html"
"БСП ЗА БЪЛГАРИЯ ","130","109","0.838","Богдан Емилов Боцев ","102","https://results.cik.bg/ns2023/protokoli/64/01/011100001.1.html"
"БСП ЗА БЪЛГАРИЯ ","71","68","0.958","Богдан Емилов Боцев ","102","https://results.cik.bg/ns2023/protokoli/64/01/011100002.1.html"
"ГЕРБ-СДС ","138","111","0.804","Димитър Добрев Попов ","107","https://results.cik.bg/ns2023/protokoli/64/01/011100002.1.html"
"БСП ЗА БЪЛГАРИЯ ","105","82","0.781","Богдан Емилов Боцев ","102","https://results.cik.bg/ns2023/protokoli/64/01/011100006.1.html"
"БСП ЗА БЪЛГАРИЯ ","86","71","0.826","Богдан Емилов Боцев ","102","https://results.cik.bg/ns2023/protokoli/64/01/011100008.1.html"
"БСП ЗА БЪЛГАРИЯ ","67","48","0.716","Богдан Емилов Боцев ","102","https://results.cik.bg/ns2023/protokoli/64/01/011100011.1.html"
"БСП ЗА БЪЛГАРИЯ ","66","49","0.742","Богдан Емилов Боцев ","102","https://results.cik.bg/ns2023/protokoli/64/01/011100014.1.html"
"БСП ЗА БЪЛГАРИЯ ","64","49","0.766","Богдан Емилов Боцев ","102","https://results.cik.bg/ns2023/protokoli/64/01/011100016.1.html"
"БСП ЗА БЪЛГАРИЯ ","86","65","0.756","Богдан Емилов Боцев ","102","https://results.cik.bg/ns2023/protokoli/64/01/011100018.1.html"
"БСП ЗА БЪЛГАРИЯ ","81","64","0.79","Богдан Емилов Боцев ","102","https://results.cik.bg/ns2023/protokoli/64/01/011100019.1.html"
"БСП ЗА БЪЛГАРИЯ ","62","49","0.79","Богдан Емилов Боцев ","102","https://results.cik.bg/ns2023/protokoli/64/01/011100020.1.html"
"БСП ЗА БЪЛГАРИЯ ","74","57","0.77","Богдан Емилов Боцев ","102","https://results.cik.bg/ns2023/protokoli/64/01/011100022.1.html"
"БСП ЗА БЪЛГАРИЯ ","73","53","0.726","Богдан Емилов Боцев ","102","https://results.cik.bg/ns2023/protokoli/64/01/011100024.1.html"
"БСП ЗА БЪЛГАРИЯ ","41","29","0.707","Богдан Емилов Боцев ","102","https://results.cik.bg/ns2023/protokoli/64/01/011100025.1.html"
"БСП ЗА БЪЛГАРИЯ ","70","51","0.729","Богдан Емилов Боцев ","102","https://results.cik.bg/ns2023/protokoli/64/01/011100029.1.html"
"БСП ЗА БЪЛГАРИЯ ","80","79","0.988","Богдан Емилов Боцев ","102","https://results.cik.bg/ns2023/protokoli/64/01/011100043.1.html"
"ЛЕВИЦАТА! ","42","35","0.833","Георги Асенов Костов ","122","https://results.cik.bg/ns2023/protokoli/64/01/012800002.1.html"
"ГЕРБ-СДС ","108","85","0.787","Костадин Томов Стойков ","103","https://results.cik.bg/ns2023/protokoli/64/01/013300007.1.html"
"ГЕРБ-СДС ","151","111","0.735","Костадин Томов Стойков ","103","https://results.cik.bg/ns2023/protokoli/64/01/013300008.1.html"
"ГЕРБ-СДС ","132","94","0.712","Костадин Томов Стойков ","103","https://results.cik.bg/ns2023/protokoli/64/01/013300014.1.html"
"ГЕРБ-СДС ","90","64","0.711","Костадин Томов Стойков ","103","https://results.cik.bg/ns2023/protokoli/64/01/013300027.1.html"
"ГЕРБ-СДС ","34","27","0.794","Костадин Томов Стойков ","103","https://results.cik.bg/ns2023/protokoli/64/01/013300031.1.html"
"ГЕРБ-СДС ","194","188","0.969","Костадин Томов Стойков ","103","https://results.cik.bg/ns2023/protokoli/64/01/013300038.1.html"
"ГЕРБ-СДС ","70","50","0.714","Костадин Томов Стойков ","103","https://results.cik.bg/ns2023/protokoli/64/01/013300039.1.html"
"ГЕРБ-СДС ","121","87","0.719","Костадин Томов Стойков ","103","https://results.cik.bg/ns2023/protokoli/64/01/013300042.1.html"
"ГЕРБ-СДС ","41","36","0.878","Костадин Томов Стойков ","103","https://results.cik.bg/ns2023/protokoli/64/01/013300048.1.html"
"ГЕРБ-СДС ","77","58","0.753","Костадин Томов Стойков ","103","https://results.cik.bg/ns2023/protokoli/64/01/013300050.1.html"
"ГЕРБ-СДС ","114","101","0.886","Костадин Томов Стойков ","103","https://results.cik.bg/ns2023/protokoli/64/01/013300052.1.html"
"ГЕРБ-СДС ","78","65","0.833","Костадин Томов Стойков ","103","https://results.cik.bg/ns2023/protokoli/64/01/013300053.1.html"
"ГЕРБ-СДС ","74","67","0.905","Костадин Томов Стойков ","103","https://results.cik.bg/ns2023/protokoli/64/01/013300054.1.html"
"ГЕРБ-СДС ","98","76","0.776","Костадин Томов Стойков ","103","https://results.cik.bg/ns2023/protokoli/64/01/013300064.1.html"
"ГЕРБ-СДС ","44","32","0.727","Костадин Томов Стойков ","103","https://results.cik.bg/ns2023/protokoli/64/01/013300071.1.html"
"ГЕРБ-СДС ","44","31","0.705","Костадин Томов Стойков ","103","https://results.cik.bg/ns2023/protokoli/64/01/013300073.1.html"
"ГЕРБ-СДС ","37","35","0.946","Костадин Томов Стойков ","103","https://results.cik.bg/ns2023/protokoli/64/01/013300075.1.html"
"ГЕРБ-СДС ","159","122","0.767","Костадин Томов Стойков ","103","https://results.cik.bg/ns2023/protokoli/64/01/013300084.1.html"
"ГЕРБ-СДС ","39","28","0.718","Костадин Томов Стойков ","103","https://results.cik.bg/ns2023/protokoli/64/01/013300085.1.html"
"ГЕРБ-СДС ","133","112","0.842","Костадин Томов Стойков ","103","https://results.cik.bg/ns2023/protokoli/64/01/013300086.1.html"
"ГЕРБ-СДС ","91","69","0.758","Емил Серафимов Тончев ","106","https://results.cik.bg/ns2023/protokoli/64/01/013700001.1.html"
"ГЕРБ-СДС ","104","75","0.721","Емил Серафимов Тончев ","106","https://results.cik.bg/ns2023/protokoli/64/01/013700009.1.html"
"ГЕРБ-СДС ","67","48","0.716","Емил Серафимов Тончев ","106","https://results.cik.bg/ns2023/protokoli/64/01/013700011.1.html"
"ГЕРБ-СДС ","62","44","0.71","Емил Серафимов Тончев ","106","https://results.cik.bg/ns2023/protokoli/64/01/013700013.1.html"
"ГЕРБ-СДС ","109","90","0.826","Емил Серафимов Тончев ","106","https://results.cik.bg/ns2023/protokoli/64/01/013700014.1.html"
"ГЕРБ-СДС ","94","73","0.777","Георги Иванов Георгиев ","104","https://results.cik.bg/ns2023/protokoli/64/01/014000027.1.html"
"ГЕРБ-СДС ","237","219","0.924","Георги Иванов Георгиев ","104","https://results.cik.bg/ns2023/protokoli/64/01/014000032.1.html"
"ПП БЪЛГАРСКИ ВЪЗХОД ","31","29","0.935","Марио Рашков Асьов ","110","https://results.cik.bg/ns2023/protokoli/64/01/014000036.1.html"
"ПП БЪЛГАРСКИ ВЪЗХОД ","39","36","0.923","Марио Рашков Асьов ","110","https://results.cik.bg/ns2023/protokoli/64/01/014000043.1.html"
"ПП БЪЛГАРСКИ ВЪЗХОД ","37","26","0.703","Марио Рашков Асьов ","110","https://results.cik.bg/ns2023/protokoli/64/01/014000056.1.html"
"ПП БЪЛГАРСКИ ВЪЗХОД ","39","34","0.872","Спас Кирилов Попниколов ","106","https://results.cik.bg/ns2023/protokoli/64/01/014000061.1.html"
"ГЕРБ-СДС ","40","34","0.85","Георги Иванов Георгиев ","104","https://results.cik.bg/ns2023/protokoli/64/01/014000063.1.html"
"БСП ЗА БЪЛГАРИЯ ","42","40","0.952","Богдан Емилов Боцев ","102","https://results.cik.bg/ns2023/protokoli/64/01/014200001.1.html"
"ГЕРБ-СДС ","49","35","0.714","Александър Иванов Мацурев ","105","https://results.cik.bg/ns2023/protokoli/64/01/014200002.1.html"
"ГЕРБ-СДС ","55","48","0.873","Александър Иванов Мацурев ","105","https://results.cik.bg/ns2023/protokoli/64/01/014200010.1.html"
"ГЕРБ-СДС ","85","61","0.718","Александър Иванов Мацурев ","105","https://results.cik.bg/ns2023/protokoli/64/01/014200012.1.html"
"ГЕРБ-СДС ","56","44","0.786","Илия Филипов Сидеров ","111","https://results.cik.bg/ns2023/protokoli/64/01/014200013.1.html"
"ГЕРБ-СДС ","57","44","0.772","Александър Иванов Мацурев ","105","https://results.cik.bg/ns2023/protokoli/64/01/014200014.1.html"
"ГЕРБ-СДС ","86","65","0.756","Александър Иванов Мацурев ","105","https://results.cik.bg/ns2023/protokoli/64/01/014200016.1.html"
"Движение за права и свободи – ДПС ","68","65","0.956","Михаела Альошева Камбошева ","113","https://results.cik.bg/ns2023/protokoli/64/01/014200024.1.html"
"Движение за права и свободи – ДПС ","148","106","0.716","Айше Мустафова Мазгалджиева ","118","https://results.cik.bg/ns2023/protokoli/64/01/014200026.1.html"
"ГЕРБ-СДС ","265","240","0.906","Стефан Апостолов Апостолов ","122","https://results.cik.bg/ns2023/protokoli/64/01/014400001.1.html"
"ГЕРБ-СДС ","252","235","0.933","Стефан Апостолов Апостолов ","122","https://results.cik.bg/ns2023/protokoli/64/01/014400002.1.html"
"ГЕРБ-СДС ","279","269","0.964","Стефан Апостолов Апостолов ","122","https://results.cik.bg/ns2023/protokoli/64/01/014400003.1.html"
"ГЕРБ-СДС ","375","348","0.928","Стефан Апостолов Апостолов ","122","https://results.cik.bg/ns2023/protokoli/64/01/014400004.1.html"
"ГЕРБ-СДС ","330","311","0.942","Стефан Апостолов Апостолов ","122","https://results.cik.bg/ns2023/protokoli/64/01/014400005.1.html"
"ГЕРБ-СДС ","292","271","0.928","Стефан Апостолов Апостолов ","122","https://results.cik.bg/ns2023/protokoli/64/01/014400006.1.html"
"ГЕРБ-СДС ","289","272","0.941","Стефан Апостолов Апостолов ","122","https://results.cik.bg/ns2023/protokoli/64/01/014400007.1.html"
"ГЕРБ-СДС ","262","249","0.95","Стефан Апостолов Апостолов ","122","https://results.cik.bg/ns2023/protokoli/64/01/014400008.1.html"
"ГЕРБ-СДС ","345","335","0.971","Стефан Апостолов Апостолов ","122","https://results.cik.bg/ns2023/protokoli/64/01/014400009.1.html"
"ГЕРБ-СДС ","100","92","0.92","Стефан Апостолов Апостолов ","122","https://results.cik.bg/ns2023/protokoli/64/01/014400010.1.html"
"ГЕРБ-СДС ","151","133","0.881","Стефан Апостолов Апостолов ","122","https://results.cik.bg/ns2023/protokoli/64/01/014400011.1.html"
"ГЕРБ-СДС ","345","317","0.919","Стефан Апостолов Апостолов ","122","https://results.cik.bg/ns2023/protokoli/64/01/014400012.1.html"
"ГЕРБ-СДС ","156","151","0.968","Стефан Апостолов Апостолов ","122","https://results.cik.bg/ns2023/protokoli/64/01/014400013.1.html"
"ГЕРБ-СДС ","52","50","0.962","Стефан Апостолов Апостолов ","122","https://results.cik.bg/ns2023/protokoli/64/01/014400014.1.html"
"ГЕРБ-СДС ","92","70","0.761","Стефан Апостолов Апостолов ","122","https://results.cik.bg/ns2023/protokoli/64/01/014400015.1.html"
"ГЕРБ-СДС ","243","222","0.914","Стефан Апостолов Апостолов ","122","https://results.cik.bg/ns2023/protokoli/64/01/014400017.1.html"
"ГЕРБ-СДС ","258","245","0.95","Стефан Апостолов Апостолов ","122","https://results.cik.bg/ns2023/protokoli/64/01/014400018.1.html"
"ГЕРБ-СДС ","266","242","0.91","Стефан Апостолов Апостолов ","122","https://results.cik.bg/ns2023/protokoli/64/01/014400019.1.html"
"ГЕРБ-СДС ","320","296","0.925","Стефан Апостолов Апостолов ","122","https://results.cik.bg/ns2023/protokoli/64/01/014400021.1.html"
"ГЕРБ-СДС ","238","219","0.92","Стефан Апостолов Апостолов ","122","https://results.cik.bg/ns2023/protokoli/64/01/014400022.1.html"
"ГЕРБ-СДС ","245","234","0.955","Стефан Апостолов Апостолов ","122","https://results.cik.bg/ns2023/protokoli/64/01/014400025.1.html"
"ГЕРБ-СДС ","142","127","0.894","Стефан Апостолов Апостолов ","122","https://results.cik.bg/ns2023/protokoli/64/01/014400026.1.html"
"ГЕРБ-СДС ","40","38","0.95","Стефан Апостолов Апостолов ","122","https://results.cik.bg/ns2023/protokoli/64/01/014400027.1.html"
"КОАЛИЦИЯ ПРОДЪЛЖАВАМЕ ПРОМЯНАТА – ДЕМОКРАТИЧНА БЪЛГАРИЯ ","77","58","0.753","Адем Ибушев Зейнев ","118","https://results.cik.bg/ns2023/protokoli/64/01/015200013.1.html"
"КОАЛИЦИЯ ПРОДЪЛЖАВАМЕ ПРОМЯНАТА – ДЕМОКРАТИЧНА БЪЛГАРИЯ ","72","51","0.708","Адем Ибушев Зейнев ","118","https://results.cik.bg/ns2023/protokoli/64/01/015200014.1.html"
"ПП БЪЛГАРСКИ ВЪЗХОД ","124","109","0.879","Марио Рашков Асьов ","110","https://results.cik.bg/ns2023/protokoli/64/01/015300001.1.html"
"ПП БЪЛГАРСКИ ВЪЗХОД ","111","98","0.883","Марио Рашков Асьов ","110","https://results.cik.bg/ns2023/protokoli/64/01/015300002.1.html"
"ПП БЪЛГАРСКИ ВЪЗХОД ","117","110","0.94","Марио Рашков Асьов ","110","https://results.cik.bg/ns2023/protokoli/64/01/015300003.1.html"
"ПП БЪЛГАРСКИ ВЪЗХОД ","212","183","0.863","Марио Рашков Асьов ","110","https://results.cik.bg/ns2023/protokoli/64/01/015300004.1.html"
"ПП БЪЛГАРСКИ ВЪЗХОД ","158","145","0.918","Марио Рашков Асьов ","110","https://results.cik.bg/ns2023/protokoli/64/01/015300006.1.html"
"ПП БЪЛГАРСКИ ВЪЗХОД ","153","132","0.863","Марио Рашков Асьов ","110","https://results.cik.bg/ns2023/protokoli/64/01/015300007.1.html"
"ПП БЪЛГАРСКИ ВЪЗХОД ","49","39","0.796","Марио Рашков Асьов ","110","https://results.cik.bg/ns2023/protokoli/64/01/015300008.1.html"
"ПП БЪЛГАРСКИ ВЪЗХОД ","48","40","0.833","Марио Рашков Асьов ","110","https://results.cik.bg/ns2023/protokoli/64/01/015300009.1.html"
"ПП БЪЛГАРСКИ ВЪЗХОД ","101","91","0.901","Марио Рашков Асьов ","110","https://results.cik.bg/ns2023/protokoli/64/01/015300011.1.html"
"ПП БЪЛГАРСКИ ВЪЗХОД ","80","73","0.913","Марио Рашков Асьов ","110","https://results.cik.bg/ns2023/protokoli/64/01/015300012.1.html"
"ГЕРБ-СДС ","71","53","0.746","Александър Иванов Мацурев ","105","https://results.cik.bg/ns2023/protokoli/64/01/015300013.1.html"
"ПП БЪЛГАРСКИ ВЪЗХОД ","45","38","0.844","Марио Рашков Асьов ","110","https://results.cik.bg/ns2023/protokoli/64/01/015300014.1.html"
"ПП БЪЛГАРСКИ ВЪЗХОД ","83","71","0.855","Марио Рашков Асьов ","110","https://results.cik.bg/ns2023/protokoli/64/01/015300015.1.html"
"ПП БЪЛГАРСКИ ВЪЗХОД ","92","80","0.87","Марио Рашков Асьов ","110","https://results.cik.bg/ns2023/protokoli/64/01/015300016.1.html"
"ГЕРБ-СДС ","150","135","0.9","Лидия Стефанова Бобчева ","107","https://results.cik.bg/ns2023/protokoli/64/02/020400340.1.html"
"БСП ЗА БЪЛГАРИЯ ","32","26","0.813","Тодор Байчев Байчев ","103","https://results.cik.bg/ns2023/protokoli/64/02/020900008.1.html"
"ПП БЪЛГАРСКИ ВЪЗХОД ","51","45","0.882","Георги Николов Кузманов ","104","https://results.cik.bg/ns2023/protokoli/64/02/021700032.1.html"
"ПП БЪЛГАРСКИ ВЪЗХОД ","57","51","0.895","Георги Николов Кузманов ","104","https://results.cik.bg/ns2023/protokoli/64/02/021700040.1.html"
"ГЕРБ-СДС ","36","34","0.944","Жечо Дончев Станков ","101","https://results.cik.bg/ns2023/protokoli/64/02/021800016.1.html"
"ГЕРБ-СДС ","47","34","0.723","Вежди Кемал Орманов ","108","https://results.cik.bg/ns2023/protokoli/64/02/021800047.1.html"
"ПП БЪЛГАРСКИ ВЪЗХОД ","39","31","0.795","Тодор Костадинов Мархолев ","106","https://results.cik.bg/ns2023/protokoli/64/02/022100001.1.html"
"ГЕРБ-СДС ","144","105","0.729","Славена Димитрова Точева ","103","https://results.cik.bg/ns2023/protokoli/64/03/030100003.1.html"
"ГЕРБ-СДС ","182","163","0.896","Славена Димитрова Точева ","103","https://results.cik.bg/ns2023/protokoli/64/03/030100015.1.html"
"ГЕРБ-СДС ","47","35","0.745","Мария Златкова Димитрова ","108","https://results.cik.bg/ns2023/protokoli/64/03/030200030.1.html"
"ГЕРБ-СДС ","76","55","0.724","Славена Димитрова Точева ","103","https://results.cik.bg/ns2023/protokoli/64/03/030603280.1.html"
"ГЕРБ-СДС ","74","53","0.716","Славена Димитрова Точева ","103","https://results.cik.bg/ns2023/protokoli/64/03/030800004.1.html"
"ГЕРБ-СДС ","60","46","0.767","Александър Драгомиров Драгнев ","127","https://results.cik.bg/ns2023/protokoli/64/03/030900021.1.html"
"ГЕРБ-СДС ","75","54","0.72","Славена Димитрова Точева ","103","https://results.cik.bg/ns2023/protokoli/64/03/031300022.1.html"
"ГЕРБ-СДС ","228","188","0.825","Александър Драгомиров Драгнев ","127","https://results.cik.bg/ns2023/protokoli/64/03/031400001.1.html"
"ГЕРБ-СДС ","102","78","0.765","Славена Димитрова Точева ","103","https://results.cik.bg/ns2023/protokoli/64/03/031400004.1.html"
"БСП ЗА БЪЛГАРИЯ ","51","39","0.765","Десислав Петров Тасков ","105","https://results.cik.bg/ns2023/protokoli/64/03/031600007.1.html"
"ГЕРБ-СДС ","43","32","0.744","Славена Димитрова Точева ","103","https://results.cik.bg/ns2023/protokoli/64/03/031600015.1.html"
"ГЕРБ-СДС ","61","43","0.705","Славена Димитрова Точева ","103","https://results.cik.bg/ns2023/protokoli/64/03/031600016.1.html"
"ГЕРБ-СДС ","70","51","0.729","Славена Димитрова Точева ","103","https://results.cik.bg/ns2023/protokoli/64/03/032400028.1.html"
"ГЕРБ-СДС ","57","40","0.702","Славена Димитрова Точева ","103","https://results.cik.bg/ns2023/protokoli/64/03/032400030.1.html"
"ГЕРБ-СДС ","100","75","0.75","Славена Димитрова Точева ","103","https://results.cik.bg/ns2023/protokoli/64/03/032400037.1.html"
"ГЕРБ-СДС ","151","121","0.801","Славена Димитрова Точева ","103","https://results.cik.bg/ns2023/protokoli/64/03/032600011.1.html"
"ГЕРБ-СДС ","107","83","0.776","Славена Димитрова Точева ","103","https://results.cik.bg/ns2023/protokoli/64/03/032600013.1.html"
"ГЕРБ-СДС ","63","45","0.714","Костадин Георгиев Ангелов ","101","https://results.cik.bg/ns2023/protokoli/64/04/040400070.1.html"
"ВЪЗРАЖДАНЕ ","52","41","0.788","Станислав Добринов Стоянов ","101","https://results.cik.bg/ns2023/protokoli/64/04/040400070.1.html"
"ГЕРБ-СДС ","63","47","0.746","Георги Петров Недев ","102","https://results.cik.bg/ns2023/protokoli/64/04/040400095.1.html"
"ГЕРБ-СДС ","65","48","0.738","Николай Кирилов Теодосиев ","113","https://results.cik.bg/ns2023/protokoli/64/04/040400097.1.html"
"ГЕРБ-СДС ","60","43","0.717","Георги Петров Недев ","102","https://results.cik.bg/ns2023/protokoli/64/04/040400123.1.html"
"ГЕРБ-СДС ","66","51","0.773","Георги Петров Недев ","102","https://results.cik.bg/ns2023/protokoli/64/04/040400124.1.html"
"ГЕРБ-СДС ","43","31","0.721","Георги Петров Недев ","102","https://results.cik.bg/ns2023/protokoli/64/04/040400134.1.html"
"ВЪЗРАЖДАНЕ ","48","39","0.813","Станислав Добринов Стоянов ","101","https://results.cik.bg/ns2023/protokoli/64/04/040600036.1.html"
"КОАЛИЦИЯ ПРОДЪЛЖАВАМЕ ПРОМЯНАТА – ДЕМОКРАТИЧНА БЪЛГАРИЯ ","47","46","0.979","Людмила Николаева Илиева ","101","https://results.cik.bg/ns2023/protokoli/64/04/040600036.1.html"
"Движение за права и свободи – ДПС ","34","30","0.882","Йордан Кирилов Цонев ","101","https://results.cik.bg/ns2023/protokoli/64/04/041300010.1.html"
"ГЕРБ-СДС ","61","49","0.803","Димитър Стойков Николов ","103","https://results.cik.bg/ns2023/protokoli/64/04/041300020.1.html"
"БСП ЗА БЪЛГАРИЯ ","55","41","0.745","Георги Филипов Филипов ","107","https://results.cik.bg/ns2023/protokoli/64/04/042200040.1.html"
"БСП ЗА БЪЛГАРИЯ ","35","25","0.714","Георги Филипов Филипов ","107","https://results.cik.bg/ns2023/protokoli/64/04/042200043.1.html"
"БСП ЗА БЪЛГАРИЯ ","54","38","0.704","Валентина Иванова Димова ","102","https://results.cik.bg/ns2023/protokoli/64/04/042600001.1.html"
"БСП ЗА БЪЛГАРИЯ ","75","53","0.707","Валентина Иванова Димова ","102","https://results.cik.bg/ns2023/protokoli/64/04/042600002.1.html"
"БСП ЗА БЪЛГАРИЯ ","50","37","0.74","Валентина Иванова Димова ","102","https://results.cik.bg/ns2023/protokoli/64/04/042600003.1.html"
"БСП ЗА БЪЛГАРИЯ ","43","34","0.791","Валентина Иванова Димова ","102","https://results.cik.bg/ns2023/protokoli/64/04/042600005.1.html"
"БСП ЗА БЪЛГАРИЯ ","83","64","0.771","Валентина Иванова Димова ","102","https://results.cik.bg/ns2023/protokoli/64/04/042600010.1.html"
"БСП ЗА БЪЛГАРИЯ ","70","62","0.886","Валентина Иванова Димова ","102","https://results.cik.bg/ns2023/protokoli/64/04/042600015.1.html"
"БСП ЗА БЪЛГАРИЯ ","40","29","0.725","Валентина Иванова Димова ","102","https://results.cik.bg/ns2023/protokoli/64/04/042600021.1.html"
"ГЕРБ-СДС ","57","47","0.825","Георги Петров Недев ","102","https://results.cik.bg/ns2023/protokoli/64/04/043100012.1.html"
"ГЕРБ-СДС ","55","44","0.8","Тихомир Станиславов Станчев ","104","https://results.cik.bg/ns2023/protokoli/64/05/050900119.1.html"
"Движение за права и свободи – ДПС ","121","87","0.719","Виолета Недялкова Панайотова ","103","https://results.cik.bg/ns2023/protokoli/64/05/051600002.1.html"
"Движение за права и свободи – ДПС ","56","42","0.75","Виолета Недялкова Панайотова ","103","https://results.cik.bg/ns2023/protokoli/64/05/051600014.1.html"
"Движение за права и свободи – ДПС ","45","43","0.956","Виолета Недялкова Панайотова ","103","https://results.cik.bg/ns2023/protokoli/64/05/051600024.1.html"
"Движение за права и свободи – ДПС ","31","23","0.742","Димитър Иванов Аврамов ","102","https://results.cik.bg/ns2023/protokoli/64/05/052200011.1.html"
"Движение за права и свободи – ДПС ","74","59","0.797","Евгени Веселинов Червеняшки ","104","https://results.cik.bg/ns2023/protokoli/64/06/060500001.1.html"
"Движение за права и свободи – ДПС ","79","58","0.734","Евгени Веселинов Червеняшки ","104","https://results.cik.bg/ns2023/protokoli/64/06/060500002.1.html"
"Движение за права и свободи – ДПС ","68","55","0.809","Евгени Веселинов Червеняшки ","104","https://results.cik.bg/ns2023/protokoli/64/06/060500004.1.html"
"Движение за права и свободи – ДПС ","82","77","0.939","Евгени Веселинов Червеняшки ","104","https://results.cik.bg/ns2023/protokoli/64/06/060500005.1.html"
"Движение за права и свободи – ДПС ","198","179","0.904","Евгени Веселинов Червеняшки ","104","https://results.cik.bg/ns2023/protokoli/64/06/060500006.1.html"
"Движение за права и свободи – ДПС ","53","45","0.849","Евгени Веселинов Червеняшки ","104","https://results.cik.bg/ns2023/protokoli/64/06/060500009.1.html"
"Движение за права и свободи – ДПС ","44","37","0.841","Евгени Веселинов Червеняшки ","104","https://results.cik.bg/ns2023/protokoli/64/06/060500010.1.html"
"Движение за права и свободи – ДПС ","31","29","0.935","Евгени Веселинов Червеняшки ","104","https://results.cik.bg/ns2023/protokoli/64/06/060500013.1.html"
"ГЕРБ-СДС ","86","72","0.837","Мартин Николаев Харизанов ","102","https://results.cik.bg/ns2023/protokoli/64/06/060800015.1.html"
"ГЕРБ-СДС ","78","74","0.949","Мартин Николаев Харизанов ","102","https://results.cik.bg/ns2023/protokoli/64/06/060800019.1.html"
"ПП БЪЛГАРСКИ ВЪЗХОД ","42","42","1","Михаил Ивов Михайлов ","101","https://results.cik.bg/ns2023/protokoli/64/06/060800019.1.html"
"Движение за права и свободи – ДПС ","222","209","0.941","Касъм Мехти Касъмов ","107","https://results.cik.bg/ns2023/protokoli/64/06/060800027.1.html"
"ГЕРБ-СДС ","126","110","0.873","Красен Георгиев Кръстев ","101","https://results.cik.bg/ns2023/protokoli/64/06/060800029.1.html"
"Движение за права и свободи – ДПС ","34","34","1","Касъм Мехти Касъмов ","107","https://results.cik.bg/ns2023/protokoli/64/06/060800029.1.html"
"КОАЛИЦИЯ ПРОДЪЛЖАВАМЕ ПРОМЯНАТА – ДЕМОКРАТИЧНА БЪЛГАРИЯ ","67","59","0.881","Галя Йотова Илиева ","105","https://results.cik.bg/ns2023/protokoli/64/06/060800037.1.html"
"КОАЛИЦИЯ ПРОДЪЛЖАВАМЕ ПРОМЯНАТА – ДЕМОКРАТИЧНА БЪЛГАРИЯ ","80","62","0.775","Галя Йотова Илиева ","105","https://results.cik.bg/ns2023/protokoli/64/06/060800038.1.html"
"ГЕРБ-СДС ","40","33","0.825","Красен Георгиев Кръстев ","101","https://results.cik.bg/ns2023/protokoli/64/06/060800046.1.html"
"Движение за права и свободи – ДПС ","31","30","0.968","Евгени Веселинов Червеняшки ","104","https://results.cik.bg/ns2023/protokoli/64/06/062100014.1.html"
"ГЕРБ-СДС ","38","28","0.737","Мартин Николаев Харизанов ","102","https://results.cik.bg/ns2023/protokoli/64/06/062100017.1.html"
"Движение за права и свободи – ДПС ","38","36","0.947","Цветан Иванов Енчев ","101","https://results.cik.bg/ns2023/protokoli/64/06/062700017.1.html"
"ГЕРБ-СДС ","84","70","0.833","Мирослав Иванов Аспарухов ","103","https://results.cik.bg/ns2023/protokoli/64/06/062700021.1.html"
"ГЕРБ-СДС ","100","71","0.71","Мирослав Иванов Аспарухов ","103","https://results.cik.bg/ns2023/protokoli/64/06/062700033.1.html"
"ГЕРБ-СДС ","40","33","0.825","Мирослав Иванов Аспарухов ","103","https://results.cik.bg/ns2023/protokoli/64/06/062700035.1.html"
"ГЕРБ-СДС ","57","46","0.807","Мирослав Иванов Аспарухов ","103","https://results.cik.bg/ns2023/protokoli/64/06/062700037.1.html"
"ГЕРБ-СДС ","64","45","0.703","Мирослав Иванов Аспарухов ","103","https://results.cik.bg/ns2023/protokoli/64/06/062700038.1.html"
"Движение за права и свободи – ДПС ","44","33","0.75","Каролина Симеонова Кьолер ","102","https://results.cik.bg/ns2023/protokoli/64/06/063200013.1.html"
"ГЕРБ-СДС ","41","29","0.707","Марияна Христова Атанасова ","107","https://results.cik.bg/ns2023/protokoli/64/07/070500087.1.html"
"ВЪЗРАЖДАНЕ ","56","40","0.714","Борислав Ст  янов Борисов ","104","https://results.cik.bg/ns2023/protokoli/64/07/073500013.1.html"
"Движение за права и свободи – ДПС ","36","35","0.972","Ертен Белгинова Анисова ","101","https://results.cik.bg/ns2023/protokoli/64/08/080300023.1.html"
"  ЕРБ-СДС ","42","31","0.738","Михаела Ясенова Крумова ","103","https://results.cik.bg/ns2023/protokoli/64/10/102900071.1.html"
"  ЕРБ-СДС ","41","39","0.951","Радослава Пламен Чеканска ","104","https://results.cik.bg/ns2023/protokoli/64/10/104800061.1.html"
"ГЕРБ-СДС ","78","59","0.756","Иван Димитров Грънчаров ","104","https://results.cik.bg/ns2023/protokoli/64/11/111900009.1.html"
"ГЕРБ-СДС ","140","106","0.757","Иван Димитров Грънчаров ","104","https://results.cik.bg/ns2023/protokoli/64/11/111900010.1.html"
"Движение за права и свободи – ДПС ","68","53","0.779","Диян Вацов Вацов ","103","https://results.cik.bg/ns2023/protokoli/64/11/111900014.1.html"
"БСП ЗА БЪЛГАРИЯ ","33","24","0.727","Минчо Стойков Казанджиев ","102","https://results.cik.bg/ns2023/protokoli/64/11/113400041.1.html"
"ГЕРБ-СДС ","103","79","0.767","Росен Иванов Белчев ","106","https://results.cik.bg/ns2023/protokoli/64/12/120400006.1.html"
"ГЕРБ-СДС ","84","74","0.881","Росен Иванов Белчев ","106","https://results.cik.bg/ns2023/protokoli/64/12/120400018.1.html"
"ГЕРБ-СДС ","57","41","0.719","Кристиян Божидаров Иванов ","108","https://results.cik.bg/ns2023/protokoli/64/12/122400034.1.html"
"ГЕРБ-СДС ","57","41","0.719","Ирена Методиева Димова ","101","https://results.cik.bg/ns2023/protokoli/64/12/122400038.1.html"
"ГЕРБ-СДС ","149","109","0.732","Ирена Методиева Димова ","101","https://results.cik.bg/ns2023/protokoli/64/12/122400039.1.html"
"ГЕРБ-СДС ","64","54","0.844","Кристиян Божидаров Иванов ","108","https://results.cik.bg/ns2023/protokoli/64/12/122400050.1.html"
"Движение за прав   и свободи – ДПС ","170","137","0.806","Димитър Иванов Аврамов ","101","https://results.cik.bg/ns2023/protokoli/64/12/122900064.1.html"
"ГЕРБ-СДС ","263","211","0.802","Дафинка Аспарухова Семерджиева ","106","https://results.cik.bg/ns2023/protokoli/64/13/130400009.1.html"
"ГЕРБ-СДС ","42","33","0.786","Димитър Иванов Гечев ","103","https://results.cik.bg/ns2023/protokoli/64/13/130800045.1.html"
"ГЕРБ-СДС ","142","109","0.768","Димитър Иванов Гечев ","103","https://results.cik.bg/ns2023/protokoli/64/13/130800046.1.html"
"ГЕРБ-СДС ","156","146","0.936","Димитър Иванов Гечев ","103","https://results.cik.bg/ns2023/protokoli/64/13/130800047.1.html"
"ГЕРБ-СДС ","35","35","1","Димитър Иванов Гечев ","103","https://results.cik.bg/ns2023/protokoli/64/13/130800050.1.html"
"ГЕРБ-СДС ","100","71","0.71","Димитър Иванов Гечев ","103","https://results.cik.bg/ns2023/protokoli/64/13/130800051.1.html"
"ГЕРБ-СДС ","42","31","0.738","Димитър Иванов Гечев ","103","https://results.cik.bg/ns2023/protokoli/64/13/130800053.1.html"
"ГЕРБ-СДС ","134","98","0.731","Димитър Иванов Гечев ","103","https://results.cik.bg/ns2023/protokoli/64/13/130800055.1.html"
"Движение за права и свободи – ДПС ","218","173","0.794","Айредин Мустафа Еюпов ","104","https://results.cik.bg/ns2023/protokoli/64/13/130800056.1.html"
"БСП ЗА БЪЛГАРИЯ ","36","32","0.889","Димитър Йорданов Жилков ","103","https://results.cik.bg/ns2023/protokoli/64/13/131900161.1.html"
"ГЕРБ-СДС ","46","45","0.978","Стефан Неделчев Мирев ","104","https://results.cik.bg/ns2023/protokoli/64/13/131900171.1.html"
"ГЕРБ-СДС ","139","108","0.777","Стефан Неделчев Мирев ","104","https://results.cik.bg/ns2023/protokoli/64/13/131900193.1.html"
"ГЕРБ-СДС ","61","52","0.852","Стефан Неделчев Мирев ","104","https://results.cik.bg/ns2023/protokoli/64/13/132000024.1.html"
"ГЕРБ-СДС ","50","36","0.72","Дафинка Аспарухова Семерджиева ","106","https://results.cik.bg/ns2023/protokoli/64/13/132100005.1.html"
"ГЕРБ-СДС ","76","61","0.803","Дафинка Аспарухова Семерджиева ","106","https://results.cik.bg/ns2023/protokoli/64/13/132100006.1.html"
"БСП ЗА БЪЛГАРИЯ ","41","32","0.78","Петя Николаева Ц  нкова ","102","https://results.cik.bg/ns2023/protokoli/64/13/132900005.1.html"
"БСП ЗА БЪЛГАРИЯ ","33","25","0.758","Петя Николаева Ц  нкова ","102","https://results.cik.bg/ns2023/protokoli/64/13/132900006.1.html"
"ГЕРБ-СДС ","135","95","0.704","Стефан Неделчев Мирев ","104","https://results.cik.bg/ns2023/protokoli/64/13/132900006.1.html"
"БСП ЗА БЪЛГАРИЯ ","45","35","0.778","Петя Николаева Ц  нкова ","102","https://results.cik.bg/ns2023/protokoli/64/13/132900007.1.html"
"БСП ЗА БЪЛГАРИЯ ","36","26","0.722","Петя Николаева Ц  нкова ","102","https://results.cik.bg/ns2023/protokoli/64/13/132900008.1.html"
"ГЕРБ-СДС ","63","46","0.73","Стефан Неделчев Мирев ","104","https://results.cik.bg/ns2023/protokoli/64/13/132900024.1.html"
"ГЕРБ-СДС ","95","68","0.716","Стефан Неделчев Мирев ","104","https://results.cik.bg/ns2023/protokoli/64/13/132900026.1.html"
"БСП ЗА БЪЛГАРИЯ ","33","33","1","Петя Николаева Ц  нкова ","102","https://results.cik.bg/ns2023/protokoli/64/13/133900004.1.html"
"ГЕРБ-СДС ","41","31","0.756","Емил Ангелов Костадинов ","102","https://results.cik.bg/ns2023/protokoli/64/14/140800019.1.html"
"БСП ЗА БЪЛГАРИЯ ","38","30","0.789","Ива Живкова Борисова ","102","https://results.cik.bg/ns2023/protokoli/64/14/141900001.1.html"
"БСП ЗА БЪЛГАРИЯ ","47","43","0.915","Ива Живкова Борисова ","102","https://results.cik.bg/ns2023/protokoli/64/14/141900002.1.html"
"Движение за права и свободи – ДПС ","35","31","0.886","Томислава Георгиева Захариева ","102","https://results.cik.bg/ns2023/protokoli/64/14/141900002.1.html"
"БСП ЗА БЪЛГАРИЯ ","43","33","0.767","Ива Живкова Борисова ","102","https://results.cik.bg/ns2023/protokoli/64/14/141900003.1.html"
"БСП ЗА БЪЛГАРИЯ ","32","28","0.875","Ива Живкова Борисова ","102","https://results.cik.bg/ns2023/protokoli/64/14/142200004.1.html"
"ГЕРБ-СДС ","200","162","0.81","Христина Иванова Георгиева ","108","https://results.cik.bg/ns2023/protokoli/64/14/143200048.1.html"
"ПП БЪЛГАРСКИ ВЪЗХОД ","52","45","0.865","Катя Иванова Иванова ","101","https://results.cik.bg/ns2023/protokoli/64/14/143200136.1.html"
"КОАЛИЦИЯ ПРОДЪЛЖАВАМЕ ПРОМЯНАТА – ДЕМОКРАТИЧНА БЪЛГАРИЯ ","62","45","0.726","Кирил Георгиев Стоев ","103","https://results.cik.bg/ns2023/protokoli/64/14/143600006.1.html"
"ГЕРБ-СДС ","138","119","0.862","Христина Иванова Георгиева ","108","https://results.cik.bg/ns2023/protokoli/64/14/143600022.1.html"
"ПП БЪЛГАРСКИ ВЪЗХОД ","36","32","0.889","М  лен Валентинов Милев ","110","https://results.cik.bg/ns2023/protokoli/64/15/151600017.1.html"
"ГЕРБ-СДС ","168","141","0.839","Валентин Венциславов Христов ","107","https://results.cik.bg/ns2023/protokoli/64/15/152400128.1.html"
"Движение за права и свободи – ДПС ","56","46","0.821","Васил Методиев Петков ","103","https://results.cik.bg/ns2023/protokoli/64/15/152400204.1.html"
"ПП ИМА ТАКЪВ НАРОД ","65","49","0.754","Иван Галинов Янчев ","104","https://results.cik.bg/ns2023/protokoli/64/15/153700006.1.html"
"ГЕРБ-СДС ","131","111","0.847","Валери Пламенов Лачовски ","102","https://results.cik.bg/ns2023/protokoli/64/15/153900001.1.html"
"ГЕРБ-СДС ","69","56","0.812","Валери Пламенов Лачовски ","102","https://results.cik.bg/ns2023/protokoli/64/15/153900002.1.html"
"ГЕРБ-СДС ","68","56","0.824","Валери Пламенов Лачовски ","102","https://results.cik.bg/ns2023/protokoli/64/15/153900003.1.html"
"ГЕРБ-СДС ","104","88","0.846","Валери Пламенов Лачовски ","102","https://results.cik.bg/ns2023/protokoli/64/15/153900004.1.html"
"ГЕРБ-СДС ","103","85","0.825","Валери Пламенов Лачовски ","102","https://results.cik.bg/ns2023/protokoli/64/15/153900005.1.html"
"ГЕРБ-СДС ","77","67","0.87","Валери Пламенов Лачовски ","102","https://results.cik.bg/ns2023/protokoli/64/15/153900006.1.html"
"ГЕРБ-СДС ","78","68","0.872","Валери Пламенов Лачовски ","102","https://results.cik.bg/ns2023/protokoli/64/15/153900007.1.html"
"ГЕРБ-СДС ","98","86","0.878","Валери Пламенов Лачовски ","102","https://results.cik.bg/ns2023/protokoli/64/15/153900008.1.html"
"ГЕРБ-СДС ","82","77","0.939","Валери Пламенов Лачовски ","102","https://results.cik.bg/ns2023/protokoli/64/15/153900009.1.html"
"ГЕРБ-СДС ","83","71","0.855","Валери Пламенов Лачовски ","102","https://results.cik.bg/ns2023/protokoli/64/15/153900010.1.html"
"ГЕРБ-СДС ","77","64","0.831","Валери Пламенов Лачовски ","102","https://results.cik.bg/ns2023/protokoli/64/15/153900011.1.html"
"ГЕРБ-СДС ","149","141","0.946","Валери Пламенов Лачовски ","102","https://results.cik.bg/ns2023/protokoli/64/15/153900012.1.html"
"ГЕРБ-СДС ","122","115","0.943","Валери Пламенов Лачовски ","102","https://results.cik.bg/ns2023/protokoli/64/15/153900013.1.html"
"ГЕРБ-СДС ","108","93","0.861","Валери Пламенов Лачовски ","102","https://results.cik.bg/ns2023/protokoli/64/15/153900014.1.html"
"ГЕРБ-СДС ","76","56","0.737","Валери Пламенов Лачовски ","102","https://results.cik.bg/ns2023/protokoli/64/15/153900015.1.html"
"ГЕРБ-СДС ","127","105","0.827","Валери Пламенов Лачовски ","102","https://results.cik.bg/ns2023/protokoli/64/15/153900016.1.html"
"ГЕРБ-СДС ","91","85","0.934","Валери Пламенов Лачовски ","102","https://results.cik.bg/ns2023/protokoli/64/15/153900017.1.html"
"ГЕРБ-СДС ","44","35","0.795","Валери Пламенов Лачовски ","102","https://results.cik.bg/ns2023/protokoli/64/15/153900018.1.html"
"ВЪЗРАЖДАНЕ ","37","31","0.838","Ангел Жеков Георгиев ","101","https://results.cik.bg/ns2023/protokoli/64/16/162201008.1.html"
"ГЕРБ-СДС ","62","46","0.742","Бойко Методиев Борисов ","101","https://results.cik.bg/ns2023/protokoli/64/16/162205060.1.html"
"БСП ЗА БЪЛГАРИЯ ","46","35","0.761","Калин Танев Калапанков ","102","https://results.cik.bg/ns2023/protokoli/64/17/170700002.1.html"
"ГЕРБ-СДС ","49","35","0.714","Данка Евстатиева Зидарова-Люртова ","105","https://results.cik.bg/ns2023/protokoli/64/17/171300034.1.html"
"ГЕРБ-СДС ","31","24","0.774","Данка Евстатиева Зидарова-Люртова ","105","https://results.cik.bg/ns2023/protokoli/64/17/171300041.1.html"
"ГЕРБ-СДС ","40","31","0.775","Данка Евстатиева Зидарова-Люртова ","105","https://results.cik.bg/ns2023/protokoli/64/17/171300058.1.html"
"ПП БЪЛГАРСКИ ВЪЗХОД ","32","26","0.813","Йорданка Хилендарова Змиярова ","113","https://results.cik.bg/ns2023/protokoli/64/17/171700016.1.html"
"ГЕРБ-СДС ","71","57","0.803","Иван Тосков Вангелов ","107","https://results.cik.bg/ns2023/protokoli/64/17/172300031.1.html"
"ГЕРБ-СДС ","127","103","0.811","Младен Николов Шишков ","104","https://results.cik.bg/ns2023/protokoli/64/17/172500001.1.html"
"ГЕРБ-СДС ","115","102","0.887","Младен Николов Шишков ","104","https://results.cik.bg/ns2023/protokoli/64/17/172500002.1.html"
"ГЕРБ-СДС ","69","52","0.754","Младен Николов Шишков ","104","https://results.cik.bg/ns2023/protokoli/64/17/172500003.1.html"
"ГЕРБ-СДС ","55","44","0.8","Младен Николов Шишков ","104","https://results.cik.bg/ns2023/protokoli/64/17/172500004.1.html"
"ГЕРБ-СДС ","137","116","0.847","Младен Николов Шишков ","104","https://results.cik.bg/ns2023/protokoli/64/17/172500005.1.html"
"ГЕРБ-СДС ","98","86","0.878","Младен Николов Шишков ","104","https://results.cik.bg/ns2023/protokoli/64/17/172500006.1.html"
"ГЕРБ-СДС ","114","89","0.781","Младен Николов Шишков ","104","https://results.cik.bg/ns2023/protokoli/64/17/172500007.1.html"
"ГЕРБ-СДС ","74","63","0.851","Младен Николов Шишков ","104","https://results.cik.bg/ns2023/protokoli/64/17/172500009.1.html"
"ГЕРБ-СДС ","111","92","0.829","Младен Николов Шишков ","104","https://results.cik.bg/ns2023/protokoli/64/17/172500010.1.html"
"ГЕРБ-СДС ","76","60","0.789","Младен Николов Шишков ","104","https://results.cik.bg/ns2023/protokoli/64/17/172500011.1.html"
"ГЕРБ-СДС ","103","89","0.864","Младен Николов Шишков ","104","https://results.cik.bg/ns2023/protokoli/64/17/172500012.1.html"
"ГЕРБ-СДС ","95","89","0.937","Младен Николов Шишков ","104","https://results.cik.bg/ns2023/protokoli/64/17/172500013.1.html"
"ГЕРБ-СДС ","78","67","0.859","Младен Николов Шишков ","104","https://results.cik.bg/ns2023/protokoli/64/17/172500014.1.html"
"ГЕРБ-СДС ","65","50","0.769","Младен Николов Шишков ","104","https://results.cik.bg/ns2023/protokoli/64/17/172500020.1.html"
"ГЕРБ-СДС ","74","67","0.905","Младен Николов Шишков ","104","https://results.cik.bg/ns2023/protokoli/64/17/172500030.1.html"
"ГЕРБ-СДС ","53","43","0.811","Младен Николов Шишков ","104","https://results.cik.bg/ns2023/protokoli/64/17/172500031.1.html"
"ГЕРБ-СДС ","130","112","0.862","Младен Николов Шишков ","104","https://results.cik.bg/ns2023/protokoli/64/17/172500032.1.html"
"ГЕРБ-СДС ","140","125","0.893","Младен Николов Шишков ","104","https://results.cik.bg/ns2023/protokoli/64/17/172500033.1.html"
"БСП ЗА БЪЛГАРИЯ ","130","94","0.723","Георги Стоянов Маринчешки ","104","https://results.cik.bg/ns2023/protokoli/64/17/172800013.1.html"
"БСП ЗА БЪЛГАРИЯ ","132","117","0.886","Георги Стоянов Маринчешки ","104","https://results.cik.bg/ns2023/protokoli/64/17/172800014.1.html"
"БСП ЗА БЪЛГАРИЯ ","39","28","0.718","Георги Стоянов Маринчешки ","104","https://results.cik.bg/ns2023/protokoli/64/17/173300001.1.html"
"КОАЛИЦИЯ ПРОДЪЛЖАВАМЕ ПРОМЯНАТА – ДЕМОКРАТИЧНА БЪЛГАРИЯ ","117","101","0.863","Нихат Ахмед Расим ","103","https://results.cik.bg/ns2023/protokoli/64/18/181100001.1.html"
"КОАЛИЦИЯ ПРОДЪЛЖАВАМЕ ПРОМЯНАТА – ДЕМОКРАТИЧНА БЪЛГАРИЯ ","104","83","0.798","Нихат Ахмед Расим ","103","https://results.cik.bg/ns2023/protokoli/64/18/181100002.1.html"
"КОАЛИЦИЯ ПРОДЪЛЖАВАМЕ ПРОМЯНАТА – ДЕМОКРАТИЧНА БЪЛГАРИЯ ","88","66","0.75","Нихат Ахмед Расим ","103","https://results.cik.bg/ns2023/protokoli/64/18/181100003.1.html"
"КОАЛИЦИЯ ПРОДЪЛЖАВАМЕ ПРОМЯНАТА – ДЕМОКРАТИЧНА БЪЛГАРИЯ ","87","72","0.828","Нихат Ахмед Расим ","103","https://results.cik.bg/ns2023/protokoli/64/18/181100004.1.html"
"ГЕРБ-СДС ","55","45","0.818","Гюнай Хюсмен Хюсмен ","102","https://results.cik.bg/ns2023/protokoli/64/18/181100006.1.html"
"ГЕРБ-СДС ","58","44","0.759","Гюнай Хюсмен Хюсмен ","102","https://results.cik.bg/ns2023/protokoli/64/18/181100013.1.html"
"КОАЛИЦИЯ ПРОДЪЛЖАВАМЕ ПРОМЯНАТА – ДЕМОКРАТИЧНА БЪЛГАРИЯ ","92","72","0.783","Нихат Ахмед Расим ","103","https://results.cik.bg/ns2023/protokoli/64/18/181100013.1.html"
"КОАЛИЦИЯ ПРОДЪЛЖАВАМЕ ПРОМЯНАТА – ДЕМОКРАТИЧНА БЪЛГАРИЯ ","43","38","0.884","Нихат Ахмед Расим ","103","https://results.cik.bg/ns2023/protokoli/64/18/181100014.1.html"
"ГЕРБ-СДС ","99","76","0.768","Гюнай Хюсмен Хюсмен ","102","https://results.cik.bg/ns2023/protokoli/64/18/181400003.1.html"
"ГЕРБ-СДС ","79","57","0.722","Гюнай Хюсмен Хюсмен ","102","https://results.cik.bg/ns2023/protokoli/64/18/181400004.1.html"
"ГЕРБ-СДС ","31","23","0.742","Гюнай Хюсмен Хюсмен ","102","https://results.cik.bg/ns2023/protokoli/64/18/181400006.1.html"
"ГЕРБ-СДС ","80","69","0.863","Гюнай Хюсмен Хюсмен ","102","https://results.cik.bg/ns2023/protokoli/64/18/181400007.1.html"
"ГЕРБ-СДС ","88","62","0.705","Гюнай Хюсмен Хюсмен ","102","https://results.cik.bg/ns2023/protokoli/64/18/181400016.1.html"
"ГЕРБ-СДС ","229","205","0.895","Гюнай Хюсмен Хюсмен ","102","https://results.cik.bg/ns2023/protokoli/64/18/181400017.1.html"
"ГЕРБ-СДС ","44","31","0.705","Гюнай Хюсмен Хюсмен ","102","https://results.cik.bg/ns2023/protokoli/64/18/181400018.1.html"
"ГЕРБ-СДС ","72","54","0.75","Гюнай Хюсмен Хюсмен ","102","https://results.cik.bg/ns2023/protokoli/64/18/181400020.1.html"
"ГЕРБ-СДС ","93","80","0.86","Гюнай Хюсмен Хюсмен ","102","https://results.cik.bg/ns2023/protokoli/64/18/181400023.1.html"
"ГЕРБ-СДС ","68","58","0.853","Гюнай Хюсмен Хюсмен ","102","https://results.cik.bg/ns2023/protokoli/64/18/181400026.1.html"
"ГЕРБ-СДС ","99","80","0.808","Гюнай Хюсмен Хюсмен ","102","https://results.cik.bg/ns2023/protokoli/64/18/181400032.1.html"
"ГЕРБ-СДС ","92","73","0.793","Гюнай Хюсмен Хюсмен ","102","https://results.cik.bg/ns2023/protokoli/64/18/181400035.1.html"
"КОАЛИЦИЯ ПРОДЪЛЖАВАМЕ ПРОМЯНАТА – ДЕМОКРАТИЧНА БЪЛГАРИЯ ","38","28","0.737","Нихат Ахмед Расим ","103","https://results.cik.bg/ns2023/protokoli/64/18/181600007.1.html"
"ГЕРБ-СДС ","54","39","0.722","Гюнай Хюсмен Хюсмен ","102","https://results.cik.bg/ns2023/protokoli/64/18/181600008.1.html"
"ГЕРБ-СДС ","54","40","0.741","Десислава Вълчева Атанасова ","101","https://results.cik.bg/ns2023/protokoli/64/18/181600026.1.html"
"ГЕРБ-СДС ","70","50","0.714","Георги Николаев Кръстев ","102","https://results.cik.bg/ns2023/protokoli/64/19/190400017.1.html"
"ГЕРБ-СДС ","35","26","0.743","Драгомир Дамянов Драганов ","105","https://results.cik.bg/ns2023/protokoli/64/19/190800012.1.html"
"БСП ЗА БЪЛГАРИЯ ","83","71","0.855","Ивалинка Тодорова Цанкова ","102","https://results.cik.bg/ns2023/protokoli/64/19/191300008.1.html"
"БСП ЗА БЪЛГАРИЯ ","43","38","0.884","Ивалинка Тодорова Цанкова ","102","https://results.cik.bg/ns2023/protokoli/64/19/191300009.1.html"
"Движение за права и свободи – ДПС ","55","44","0.8","Ализан Нихат Яхова ","101","https://results.cik.bg/ns2023/protokoli/64/19/192700171.1.html"
"ГЕРБ-СДС ","65","59","0.908","Георги Николаев Кръстев ","102","https://results.cik.bg/ns2023/protokoli/64/19/193300004.1.html"
"ГЕРБ-СДС ","140","112","0.8","Ибрям Алиев Мустафов ","106","https://results.cik.bg/ns2023/protokoli/64/21/211100017.1.html"
"ГЕРБ-СДС ","44","33","0.75","Ибрям Алиев Мустафов ","106","https://results.cik.bg/ns2023/protokoli/64/21/211100021.1.html"
"ВЪЗРАЖДАНЕ ","41","32","0.78","Климент Пламенов Шопов ","101","https://results.cik.bg/ns2023/protokoli/64/21/212000082.1.html"
"КОАЛИЦИЯ ПРОДЪЛЖАВАМЕ ПРОМЯНАТА – ДЕМОКРАТИЧНА БЪЛГАРИЯ ","43","31","0.721","Татяна Славова Султанова-Сивева ","101","https://results.cik.bg/ns2023/protokoli/64/21/212000082.1.html"
"ГЕРБ-СДС ","141","118","0.837","Мария Щерева Белова ","102","https://results.cik.bg/ns2023/protokoli/64/21/212000160.1.html"
"ГЕРБ-СДС ","99","78","0.788","Мария Щерева Белова ","102","https://results.cik.bg/ns2023/protokoli/64/21/212000161.1.html"
"ГЕРБ-СДС ","79","68","0.861","Мария Щерева Белова ","102","https://results.cik.bg/ns2023/protokoli/64/21/212000162.1.html"
"ГЕРБ-СДС ","91","72","0.791","Мария Щерева Белова ","102","https://results.cik.bg/ns2023/protokoli/64/21/212000165.1.html"
"ГЕРБ-СДС ","127","89","0.701","Чавдар Борисов Божурски ","105","https://results.cik.bg/ns2023/protokoli/64/21/212000172.1.html"
"ГЕРБ-СДС ","47","33","0.702","Мария Щерева Белова ","102","https://results.cik.bg/ns2023/protokoli/64/21/212000181.1.html"
"ПП БЪЛГАРСКИ ВЪЗХОД ","35","25","0.714","Златица Митева Кунева ","103","https://results.cik.bg/ns2023/protokoli/64/21/212000184.1.html"
"ГЕРБ-СДС ","52","41","0.788","Красимир Росенов Даскалов ","103","https://results.cik.bg/ns2023/protokoli/64/22/220900008.1.html"
"ГЕРБ-СДС ","39","30","0.769","Красимир Росенов Даскалов ","103","https://results.cik.bg/ns2023/protokoli/64/22/220900010.1.html"
"ГЕРБ-СДС ","110","84","0.764","Красимир Росенов Даскалов ","103","https://results.cik.bg/ns2023/protokoli/64/22/220900013.1.html"
"ГЕРБ-СДС ","44","37","0.841","Недялко Живков Славов ","102","https://results.cik.bg/ns2023/protokoli/64/22/221100002.1.html"
"БСП ЗА БЪЛГАРИЯ ","41","29","0.707","Емил Минков Хумчев ","102","https://results.cik.bg/ns2023/protokoli/64/22/221100004.1.html"
"ГЕРБ-СДС ","98","75","0.765","Недялко Живков Славов ","102","https://results.cik.bg/ns2023/protokoli/64/22/221100004.1.html"
"БСП ЗА БЪЛГАРИЯ ","31","22","0.71","Емил Минков Хумчев ","102","https://results.cik.bg/ns2023/protokoli/64/22/221100007.1.html"
"ГЕРБ-СДС ","96","71","0.74","Недялко Живков Славов ","102","https://results.cik.bg/ns2023/protokoli/64/22/221100008.1.html"
"ГЕРБ-СДС ","93","66","0.71","Недялко Живков Славов ","102","https://results.cik.bg/ns2023/protokoli/64/22/221100014.1.html"
"Движение за права и свободи – ДПС ","65","50","0.769","Анджей Веселинов Джандев ","102","https://results.cik.bg/ns2023/protokoli/64/22/221100020.1.html"
"ГЕРБ-СДС ","36","30","0.833","Красимир Митков Събев ","101","https://results.cik.bg/ns2023/protokoli/64/22/221600029.1.html"
"Движение за права и свободи – ДПС ","44","40","0.909","Васил Маринов Николов ","111","https://results.cik.bg/ns2023/protokoli/64/26/260700028.1.html"
"Движение за права и свободи – ДПС ","51","41","0.804","Кристина Цветанова Александрова ","104","https://results.cik.bg/ns2023/protokoli/64/26/261700027.1.html"
"Движение за права и свободи – ДПС ","37","33","0.892","Васил Маринов Николов ","111","https://results.cik.bg/ns2023/protokoli/64/26/261800003.1.html"
"ГЕРБ-СДС ","79","57","0.722","Марин Василев Маринов ","102","https://results.cik.bg/ns2023/protokoli/64/26/261800006.1.html"
"Движение за права и свободи – ДПС ","31","23","0.742","Валентин Йовков Тончев ","102","https://results.cik.bg/ns2023/protokoli/64/26/262000019.1.html"
"Движение за права и свободи – ДПС ","31","26","0.839","Валентин Йовков Тончев ","102","https://results.cik.bg/ns2023/protokoli/64/26/262600010.1.html"
"Движение за права и свободи – ДПС ","32","31","0.969","Кристина Цветанова Александрова ","104","https://results.cik.bg/ns2023/protokoli/64/26/262600020.1.html"
"Движение за права и свободи – ДПС ","73","55","0.753","Кристина Цветанова Александрова ","104","https://results.cik.bg/ns2023/protokoli/64/26/262600021.1.html"
"Движение за права и свободи – ДПС ","79","61","0.772","Марко Димитров Марков ","107","https://results.cik.bg/ns2023/protokoli/64/26/263400013.1.html"
"ГЕРБ-СДС ","72","51","0.708","Валентин Мирчов Милушев ","109","https://results.cik.bg/ns2023/protokoli/64/26/263900046.1.html"
"БСП ЗА БЪЛГАРИЯ ","31","29","0.935","Михаил Василев Михайлов ","102","https://results.cik.bg/ns2023/protokoli/64/26/263900048.1.html"
"ГЕРБ-СДС ","58","50","0.862","Валентин Мирчов Милушев ","109","https://results.cik.bg/ns2023/protokoli/64/26/263900048.1.html"
"БСП ЗА БЪЛГАРИЯ ","36","30","0.833","Михаил Василев Михайлов ","102","https://results.cik.bg/ns2023/protokoli/64/26/263900049.1.html"
"ГЕРБ-СДС ","31","25","0.806","Красимир Георгиев Вълчев ","101","https://results.cik.bg/ns2023/protokoli/64/27/270700014.1.html"
"ГЕРБ-СДС ","33","25","0.758","Маноил Минчев Манев ","102","https://results.cik.bg/ns2023/protokoli/64/27/270700022.1.html"
"КОАЛИЦИЯ ПРОДЪЛЖАВАМЕ ПРОМЯНАТА – ДЕМОКРАТИЧНА БЪЛГАРИЯ ","46","37","0.804","Радослав Красенов Василев ","103","https://results.cik.bg/ns2023/protokoli/64/27/272700011.1.html"
"БСП ЗА БЪЛГАРИЯ ","38","34","0.895","Йорданка Стефанова Георгиева ","103","https://results.cik.bg/ns2023/protokoli/64/28/282200017.1.html"
"КОАЛИЦИЯ ПРОДЪЛЖАВАМЕ ПРОМЯНАТА – ДЕМОКРАТИЧНА БЪЛГАРИЯ ","42","34","0.81","Метин Сабриев Ахмедов ","105","https://results.cik.bg/ns2023/protokoli/64/28/282200022.1.html"
"КОАЛИЦИЯ ПРОДЪЛЖАВАМЕ ПРОМЯНАТА – ДЕМОКРАТИЧНА БЪЛГАРИЯ ","74","56","0.757","Метин Сабриев Ахмедов ","105","https://results.cik.bg/ns2023/protokoli/64/28/282200026.1.html"
"ГЕРБ-СДС ","54","42","0.778","Бахтишен Ниязиева Мустафова ","105","https://results.cik.bg/ns2023/protokoli/64/28/282200038.1.html"
"ГЕРБ-СДС ","42","42","1","Бахтишен Ниязиева Мустафова ","105","https://results.cik.bg/ns2023/protokoli/64/28/282200045.1.html"
"БСП ЗА БЪЛГАРИЯ ","55","51","0.927","Йорданка Стефанова Георгиева ","103","https://results.cik.bg/ns2023/protokoli/64/28/282400019.1.html"
"БСП ЗА БЪЛГАРИЯ ","31","29","0.935","Йорданка Стефанова Георгиева ","103","https://results.cik.bg/ns2023/protokoli/64/28/282400020.1.html"
"БСП ЗА БЪЛГАРИЯ ","32","27","0.844","Йорданка Стефанова Георгиева ","103","https://results.cik.bg/ns2023/protokoli/64/28/282400022.1.html"
"БСП ЗА БЪЛГАРИЯ ","48","38","0.792","Йорданка Стефанова Георгиева ","103","https://results.cik.bg/ns2023/protokoli/64/28/282400025.1.html"
"БСП ЗА БЪЛГАРИЯ ","36","28","0.778","Йорданка Стефанова Георгиева ","103","https://results.cik.bg/ns2023/protokoli/64/28/282400029.1.html"
"БСП ЗА БЪЛГАРИЯ ","44","38","0.864","Йорданка Стефанова Георгиева ","103","https://results.cik.bg/ns2023/protokoli/64/28/282400033.1.html"
"ГЕРБ-СДС ","39","33","0.846","Явор Димитров Александров ","104","https://results.cik.bg/ns2023/protokoli/64/28/282400034.1.html"
"БСП ЗА БЪЛГАРИЯ ","63","54","0.857","Йорданка Стефанова Георгиева ","103","https://results.cik.bg/ns2023/protokoli/64/28/282400039.1.html"
"БСП ЗА БЪЛГАРИЯ ","100","89","0.89","Йорданка Стефанова Георгиева ","103","https://results.cik.bg/ns2023/protokoli/64/28/282400045.1.html"
"БСП ЗА БЪЛГАРИЯ ","34","24","0.706","Йорданка Стефанова Георгиева ","103","https://results.cik.bg/ns2023/protokoli/64/28/282400050.1.html"
"БСП ЗА БЪЛГАРИЯ ","59","48","0.814","Йорданка Стефанова Георгиева ","103","https://results.cik.bg/ns2023/protokoli/64/28/282400051.1.html"
"ГЕРБ-СДС ","31","24","0.774","Георги Тенев Станков ","102","https://results.cik.bg/ns2023/protokoli/64/29/291100018.1.html"
"ГЕРБ-СДС ","34","31","0.912","Георги Тенев Станков ","102","https://results.cik.bg/ns2023/protokoli/64/29/291100022.1.html"
"ГЕРБ-СДС ","115","89","0.774","Георги Тенев Станков ","102","https://results.cik.bg/ns2023/protokoli/64/29/291700001.1.html"
"ГЕРБ-СДС ","138","112","0.812","Георги Тенев Станков ","102","https://results.cik.bg/ns2023/protokoli/64/29/291700002.1.html"
"ГЕРБ-СДС ","157","129","0.822","Георги Тенев Станков ","102","https://results.cik.bg/ns2023/protokoli/64/29/291700003.1.html"
"ГЕРБ-СДС ","179","145","0.81","Георги Тенев Станков ","102","https://results.cik.bg/ns2023/protokoli/64/29/291700004.1.html"
"ГЕРБ-СДС ","153","138","0.902","Георги Тенев Станков ","102","https://results.cik.bg/ns2023/protokoli/64/29/291700005.1.html"
"ГЕРБ-СДС ","178","142","0.798","Георги Тенев Станков ","102","https://results.cik.bg/ns2023/protokoli/64/29/291700006.1.html"
"ГЕРБ-СДС ","175","151","0.863","Георги Тенев Станков ","102","https://results.cik.bg/ns2023/protokoli/64/29/291700007.1.html"
"ГЕРБ-СДС ","139","130","0.935","Георги Тенев Станков ","102","https://results.cik.bg/ns2023/protokoli/64/29/291700008.1.html"
"ГЕРБ-СДС ","45","36","0.8","Георги Тенев Станков ","102","https://results.cik.bg/ns2023/protokoli/64/29/291700009.1.html"
"ГЕРБ-СДС ","115","96","0.835","Георги Тенев Станков ","102","https://results.cik.bg/ns2023/protokoli/64/29/291700010.1.html"
"ГЕРБ-СДС ","64","51","0.797","Георги Тенев Станков ","102","https://results.cik.bg/ns2023/protokoli/64/29/291700012.1.html"
"ГЕРБ-СДС ","82","68","0.829","Георги Тенев Станков ","102","https://results.cik.bg/ns2023/protokoli/64/29/291700013.1.html"
"ГЕРБ-СДС ","39","35","0.897","Георги Тенев Станков ","102","https://results.cik.bg/ns2023/protokoli/64/29/291700015.1.html"
"ГЕРБ-СДС ","194","182","0.938","Георги Тенев Станков ","102","https://results.cik.bg/ns2023/protokoli/64/29/291700016.1.html"
"ГЕРБ-СДС ","45","34","0.756","Георги Тенев Станков ","102","https://results.cik.bg/ns2023/protokoli/64/29/291700019.1.html"
"ГЕРБ-СДС ","39","37","0.949","Георги Тенев Станков ","102","https://results.cik.bg/ns2023/protokoli/64/29/291700020.1.html"
"ГЕРБ-СДС ","170","148","0.871","Георги Тенев Станков ","102","https://results.cik.bg/ns2023/protokoli/64/29/292800033.1.html"
"ГЕРБ-СДС ","45","34","0.756","Георги Тенев Станков ","102","https://results.cik.bg/ns2023/protokoli/64/29/292800040.1.html"
"ГЕРБ-СДС ","34","24","0.706","Георги Тенев Станков ","102","https://results.cik.bg/ns2023/protokoli/64/29/292800043.1.html"
"ГЕРБ-СДС ","124","94","0.758","Георги Тенев Станков ","102","https://results.cik.bg/ns2023/protokoli/64/29/292900008.1.html"
"ГЕРБ-СДС ","36","36","1","Георги Тенев Станков ","102","https://results.cik.bg/ns2023/protokoli/64/29/292900010.1.html"
"ГЕРБ-СДС ","76","66","0.868","Георги Тенев Станков ","102","https://results.cik.bg/ns2023/protokoli/64/29/293200017.1.html"
"ГЕРБ-СДС ","38","27","0.711","Георги Тенев Станков ","102","https://results.cik.bg/ns2023/protokoli/64/29/293200020.1.html"
"ГЕРБ-СДС ","87","68","0.782","Георги Тенев Станков ","102","https://results.cik.bg/ns2023/protokoli/64/29/293200021.1.html"
"ГЕРБ-СДС ","72","62","0.861","Георги Тенев Станков ","102","https://results.cik.bg/ns2023/protokoli/64/29/293200022.1.html"
"ГЕРБ-СДС ","35","25","0.714","Георги Тенев Станков ","102","https://results.cik.bg/ns2023/protokoli/64/29/293300024.1.html"
"ГЕРБ-СДС ","44","33","0.75","Георги Тенев Станков ","102","https://results.cik.bg/ns2023/protokoli/64/29/293300034.1.html"
"ГЕРБ-СДС ","50","41","0.82","Георги Тенев Станков ","102","https://results.cik.bg/ns2023/protokoli/64/29/293400137.1.html"
"ГЕРБ-СДС ","98","88","0.898","Илтер Бейзатов Садъков ","102","https://results.cik.bg/ns2023/protokoli/64/30/300700001.1.html"
"ГЕРБ-СДС ","59","53","0.898","Илтер Бейзатов Садъков ","102","https://results.cik.bg/ns2023/protokoli/64/30/300700004.1.html"
"ГЕРБ-СДС ","68","50","0.735","Илтер Бейзатов Садъков ","102","https://results.cik.bg/ns2023/protokoli/64/30/300700005.1.html"
"ГЕРБ-СДС ","61","51","0.836","Илтер Бейзатов Садъков ","102","https://results.cik.bg/ns2023/protokoli/64/30/300700007.1.html"
"ГЕРБ-СДС ","85","70","0.824","Илтер Бейзатов Садъков ","102","https://results.cik.bg/ns2023/protokoli/64/30/300700008.1.html"
"ГЕРБ-СДС ","72","59","0.819","Илтер Бейзатов Садъков ","102","https://results.cik.bg/ns2023/protokoli/64/30/300700009.1.html"
"ГЕРБ-СДС ","79","71","0.899","Илтер Бейзатов Садъков ","102","https://results.cik.bg/ns2023/protokoli/64/30/300700010.1.html"
"ГЕРБ-СДС ","78","64","0.821","Илтер Бейзатов Садъков ","102","https://results.cik.bg/ns2023/protokoli/64/30/300700013.1.html"
"ГЕРБ-СДС ","103","79","0.767","Илтер Бейзатов Садъков ","102","https://results.cik.bg/ns2023/protokoli/64/30/300700014.1.html"
"ГЕРБ-СДС ","55","39","0.709","Илтер Бейзатов Садъков ","102","https://results.cik.bg/ns2023/protokoli/64/30/300700015.1.html"
"КОАЛИЦИЯ ПРОДЪЛЖАВАМЕ ПРОМЯНАТА – ДЕМОКРАТИЧНА БЪЛГАРИЯ ","69","50","0.725","Бюнямин Хюсеин Хасан ","102","https://results.cik.bg/ns2023/protokoli/64/30/301100001.1.html"
"КОАЛИЦИЯ ПРОДЪЛЖАВАМЕ ПРОМЯНАТА – ДЕМОКРАТИЧНА БЪЛГАРИЯ ","63","46","0.73","Бюнямин Хюсеин Хасан ","102","https://results.cik.bg/ns2023/protokoli/64/30/301100003.1.html"
"КОАЛИЦИЯ ПРОДЪЛЖАВАМЕ ПРОМЯНАТА – ДЕМОКРАТИЧНА БЪЛГАРИЯ ","152","137","0.901","Бюнямин Хюсеин Хасан ","102","https://results.cik.bg/ns2023/protokoli/64/30/301100020.1.html"
"ГЕРБ-СДС ","64","45","0.703","Илтер Бейзатов Садъков ","102","https://results.cik.bg/ns2023/protokoli/64/30/301800003.1.html"
"КОАЛИЦИЯ ПРОДЪЛЖАВАМЕ ПРОМЯНАТА – ДЕМОКРАТИЧНА БЪЛГАРИЯ ","39","30","0.769","Захари Георгиев Борачев ","107","https://results.cik.bg/ns2023/protokoli/64/30/301800004.1.html"
"ГЕРБ-СДС ","32","23","0.719","Илтер Бейзатов Садъков ","102","https://results.cik.bg/ns2023/protokoli/64/30/301800005.1.html"
"ГЕРБ-СДС ","44","44","1","Илтер Бейзатов Садъков ","102","https://results.cik.bg/ns2023/protokoli/64/30/301800006.1.html"
"ГЕРБ-СДС ","92","87","0.946","Илтер Бейзатов Садъков ","102","https://results.cik.bg/ns2023/protokoli/64/30/301800009.1.html"
"ГЕРБ-СДС ","39","29","0.744","Ралица Тодорова Ангелова ","103","https://results.cik.bg/ns2023/protokoli/64/30/301900003.1.html"
"ГЕРБ-СДС ","36","29","0.806","Ралица Тодорова Ангелова ","103","https://results.cik.bg/ns2023/protokoli/64/30/301900016.1.html"
"ГЕРБ-СДС ","176","154","0.875","Илтер Бейзатов Садъков ","102","https://results.cik.bg/ns2023/protokoli/64/30/302100002.1.html"
"ГЕРБ-СДС ","202","176","0.871","Илтер Бейзатов Садъков ","102","https://results.cik.bg/ns2023/protokoli/64/30/302100003.1.html"
"ГЕРБ-СДС ","70","51","0.729","Илтер Бейзатов Садъков ","102","https://results.cik.bg/ns2023/protokoli/64/30/302100009.1.html"
"ГЕРБ-СДС ","104","90","0.865","Илтер Бейзатов Садъков ","102","https://results.cik.bg/ns2023/protokoli/64/30/302100010.1.html"
"БСП ЗА БЪЛГАРИЯ ","57","41","0.719","Иван Валентинов Ганчев ","102","https://results.cik.bg/ns2023/protokoli/64/30/302200006.1.html"
"БСП ЗА БЪЛГАРИЯ ","63","55","0.873","Иван Валентинов Ганчев ","102","https://results.cik.bg/ns2023/protokoli/64/30/302200007.1.html"
"БСП ЗА БЪЛГАРИЯ ","39","31","0.795","Иван Валентинов Ганчев ","102","https://results.cik.bg/ns2023/protokoli/64/30/302200012.1.html"
"БСП ЗА БЪЛГАРИЯ ","37","29","0.784","Иван Валентинов Ганчев ","102","https://results.cik.bg/ns2023/protokoli/64/30/302200016.1.html"
"БСП ЗА БЪЛГАРИЯ ","38","29","0.763","Иван Валентинов Ганчев ","102","https://results.cik.bg/ns2023/protokoli/64/30/302200017.1.html"
"БСП ЗА БЪЛГАРИЯ ","33","28","0.848","Иван Валентинов Ганчев ","102","https://results.cik.bg/ns2023/protokoli/64/30/302200025.1.html"
"БСП ЗА БЪЛГАРИЯ ","37","31","0.838","Иван Валентинов Ганчев ","102","https://results.cik.bg/ns2023/protokoli/64/30/302200034.1.html"
"ГЕРБ-СДС ","58","42","0.724","Димитър Георгиев Биволаров ","103","https://results.cik.bg/ns2023/protokoli/64/31/310700024.1.html"
"БСП ЗА Б  ЛГАРИЯ ","92","85","0.924","Галин Янков Пантелеев ","103","https://results.cik.bg/ns2023/protokoli/64/31/312500010.1.html"
